token,multiplier,slate_usd,chainlink_usd,gap_now_pct,slate_observed_utc,chainlink_updated_utc,slate_then_usd,gap_then_pct,chainlink_threshold_pct,snapshot_utc
AAPL,1.0006,333.37,333.82,-0.13,2026-10-02 22:27:12,2026-10-02 16:39:40,333.76,-0.02,0.5,2026-10-03 01:02:34
AMD,1.0000,633.45,632.83,0.10,2026-10-02 23:58:08,2026-10-02 18:51:35,633.13,0.05,0.5,2026-10-03 01:02:34
AMZN,1.0000,251.38,251.65,-0.11,2026-10-02 23:58:15,2026-10-02 19:51:17,251.64,-0.01,0.5,2026-10-03 01:02:34
ASML,1.0001,1867.19,1866.59,0.03,2026-10-02 22:27:08,2026-10-02 19:25:56,,,0.5,2026-10-03 01:02:34
BABA,1.0000,105.98,106.07,-0.09,2026-10-02 22:27:15,2026-10-02 19:53:37,,,0.5,2026-10-03 01:02:34
CLSK,1.0000,12.72,12.74,-0.12,2026-10-02 22:27:15,2026-10-02 19:59:38,,,0.5,2026-10-03 01:02:34
COIN,1.0000,183.18,182.64,0.30,2026-10-02 22:27:06,2026-10-02 19:35:47,,,0.5,2026-10-03 01:02:34
CRCL,1.0000,81.45,81.68,-0.29,2026-10-02 22:27:11,2026-10-02 20:17:50,,,0.5,2026-10-03 01:02:34
CRWV,1.0000,89.36,89.24,0.13,2026-10-02 22:27:03,2026-10-02 20:16:14,,,0.5,2026-10-03 01:02:34
DELL,1.0001,563.35,563.76,-0.07,2026-10-02 22:27:05,2026-10-02 19:11:38,563.77,0.00,0.5,2026-10-03 01:02:34
EWY,1.0000,190.91,190.94,-0.02,2026-10-02 22:27:12,2026-10-02 22:47:22,,,0.5,2026-10-03 01:02:34
GME,1.0000,25.13,25.19,-0.27,2026-10-02 22:27:10,2026-10-02 21:55:01,,,0.5,2026-10-03 01:02:34
GOOGL,1.0002,343.17,343.66,-0.14,2026-10-02 22:27:14,2026-10-02 16:06:58,,,0.5,2026-10-03 01:02:34
INTC,1.0000,119.17,119.30,-0.11,2026-10-02 22:27:12,2026-10-02 19:55:32,,,0.5,2026-10-03 01:02:34
IONQ,1.0000,43.90,43.85,0.12,2026-10-02 22:27:07,2026-10-02 20:04:17,,,0.5,2026-10-03 01:02:34
META,1.0005,727.73,730.13,-0.33,2026-10-02 22:27:06,2026-10-02 15:24:56,,,0.5,2026-10-03 01:02:34
MSFT,1.0004,517.51,517.51,0.00,2026-10-02 22:27:14,2026-10-02 19:57:25,,,0.5,2026-10-03 01:02:34
MSTR,1.0000,160.09,160.67,-0.36,2026-10-02 22:27:09,2026-10-02 20:07:21,,,0.5,2026-10-03 01:02:34
MU,1.0001,1071.16,1071.83,-0.06,2026-10-02 22:27:03,2026-10-02 21:10:41,,,0.5,2026-10-03 01:02:34
NBIS,1.0000,242.33,242.59,-0.11,2026-10-02 22:27:06,2026-10-02 19:48:20,,,0.5,2026-10-03 01:02:34
NVDA,1.0008,234.03,235.00,-0.41,2026-10-02 22:27:06,2026-10-02 17:07:32,234.71,-0.12,0.5,2026-10-03 01:02:34
ORCL,1.0022,142.49,142.65,-0.11,2026-10-02 22:27:06,2026-10-02 19:18:13,142.68,0.02,0.5,2026-10-03 01:02:34
PLTR,1.0000,188.88,188.55,0.17,2026-10-02 23:58:17,2026-10-02 19:50:57,188.48,-0.04,0.5,2026-10-03 01:02:34
QQQ,1.0007,749.52,752.00,-0.33,2026-10-02 22:27:18,2026-10-02 12:57:12,,,0.5,2026-10-03 01:02:34
RGTI,1.0000,15.36,15.36,-0.02,2026-10-02 22:27:06,2026-10-02 20:05:06,,,0.5,2026-10-03 01:02:34
RKLB,1.0000,73.87,74.02,-0.20,2026-10-02 22:27:06,2026-10-02 19:49:42,,,0.5,2026-10-03 01:02:34
SGOV,1.0072,101.17,101.16,0.01,2026-10-02 22:27:12,2026-10-02 00:02:05,,,0.5,2026-10-03 01:02:34
SLV,1.0000,54.60,54.67,-0.14,2026-10-02 22:27:18,2026-10-02 19:14:42,54.68,0.00,0.5,2026-10-03 01:02:34
SNDK,1.0000,1717.13,1718.20,-0.06,2026-10-02 22:27:14,2026-10-02 16:51:21,1718.30,0.01,0.5,2026-10-03 01:02:34
SPCX,1.0000,158.67,158.73,-0.04,2026-10-02 22:27:10,2026-10-02 20:11:31,,,0.5,2026-10-03 01:02:34
SPY,1.0017,770.41,770.71,-0.04,2026-10-02 22:27:13,2026-10-02 12:30:38,,,0.5,2026-10-03 01:02:34
TSLA,1.0000,371.44,370.45,0.27,2026-10-02 23:58:09,2026-10-02 19:55:31,372.34,0.51,0.5,2026-10-03 01:02:34
TSM,1.0015,473.43,473.92,-0.10,2026-10-02 22:27:12,2026-10-02 19:26:21,,,0.5,2026-10-03 01:02:34
USAR,1.0000,13.62,13.58,0.29,2026-10-02 22:27:09,2026-10-02 19:18:06,13.58,0.00,0.5,2026-10-03 01:02:34
USO,1.0000,146.80,146.83,-0.03,2026-10-02 22:27:18,2026-10-02 18:28:23,146.63,-0.14,0.5,2026-10-03 01:02:34
